employee_id,first_name,last_name,email,hire_date,shop_name,salary
54733,Vonni,Davsley,vdavsley0@joomla.org,21/03/2016,Urban Grind,9253
49009,Cary,Brauninger,cbrauninger1@independent.co.uk,26/08/2014,Common Grounds,45036
59278,Gerianna,Tolcharde,,06/09/2019,Common Grounds,37007
92214,Helene,Bealing,,12/11/2022,Urban Grind,13118
32890,Vivien,McCrackem,,12/02/2019,Common Grounds,59034
08194,Jeffrey,Curran,jcurran5@scribd.com,23/06/2014,Urban Grind,22986
73681,Anabelle,Bianco,abianco6@fotki.com,04/05/2016,Urban Grind,50899
04058,Grover,McGoldrick,gmcgoldrick7@prnewswire.com,22/05/2020,Common Grounds,57471
05452,Ivie,Shynn,ishynn8@ucoz.ru,27/03/2022,Early Rise,31542
19965,Leilah,Wildbore,lwildbore9@amazon.com,21/02/2023,Common Grounds,20559
90279,Lindsay,Frankland,lfranklanda@japanpost.jp,20/05/2022,Common Grounds,10402
76804,Alphonse,Pendry,,04/08/2010,Early Rise,66454
70518,Liam,Fisbburne,lfisbburnec@canalblog.com,10/01/2023,Urban Grind,24392
40264,Loren,Freda,,27/07/2022,Urban Grind,63498
45701,Abelard,MacDougall,amacdougalle@comsenz.com,08/09/2020,Common Grounds,11433
81457,Bennett,Mebes,bmebesf@123-reg.co.uk,18/03/2012,Common Grounds,33651
86534,Brady,Clothier,bclothierg@microsoft.com,20/12/2019,Early Rise,62386
25521,Elsie,Romanetti,,06/11/2020,Early Rise,45077
21218,Derrick,Hethron,dhethroni@ucla.edu,06/03/2015,Common Grounds,30453
24171,Enoch,Blazy,,04/03/2014,Urban Grind,67157
44757,Corrina,Basilone,cbasilonek@bbb.org,17/10/2014,Urban Grind,64204
86922,Rollo,Pilgram,rpilgraml@booking.com,12/06/2021,Early Rise,44894
69448,Norry,MacAdam,nmacadamm@ucla.edu,17/03/2022,Urban Grind,28640
18551,Gert,Screeton,gscreetonn@nba.com,01/08/2021,Early Rise,66121
57063,Jacquelin,Caple,,07/02/2017,Early Rise,11908
93911,Cecilla,Chesman,cchesmanp@bizjournals.com,21/12/2014,Urban Grind,38341
82791,Cthrine,Iannuzzi,,01/05/2012,Early Rise,25560
90963,Darin,Pithie,dpithier@studiopress.com,20/10/2014,Urban Grind,61056
22100,Waneta,Pendered,,11/10/2020,Common Grounds,12084
36338,Rosetta,MacConnulty,rmacconnultyt@narod.ru,13/07/2012,Urban Grind,61653
15212,Terra,Bister,tbisteru@sakura.ne.jp,25/07/2015,Early Rise,47745
27723,Wittie,Justice,,29/01/2015,Early Rise,37286
01037,Pearce,Drinan,pdrinanw@comsenz.com,04/02/2023,Early Rise,16557
71408,Merry,Filkin,mfilkinx@prweb.com,19/08/2016,Common Grounds,65494
98190,Elwira,Bronot,ebronoty@google.cn,11/02/2021,Common Grounds,22779
37337,Tobye,McClinton,tmcclintonz@chron.com,03/06/2020,Early Rise,26506
13244,Marybelle,Craft,mcraft10@macromedia.com,24/10/2021,Urban Grind,42076
60495,Aimee,Arthan,aarthan11@epa.gov,20/02/2016,Early Rise,67620
62627,Anne,Kohnert,akohnert12@arizona.edu,13/01/2015,Common Grounds,17675
36401,Geri,Albion,,17/08/2012,Urban Grind,14933
83932,Sacha,Getten,sgetten14@fotki.com,05/07/2011,Early Rise,56947
91642,Noby,Leng,nleng15@tinyurl.com,17/05/2016,Common Grounds,57547
12133,Jermaine,Borleace,jborleace16@woothemes.com,25/11/2021,Common Grounds,58816
02472,Jabez,Boatright,jboatright17@cdbaby.com,30/03/2012,Urban Grind,37117
73862,Poppy,Mattiessen,pmattiessen18@ebay.com,27/11/2012,Common Grounds,21846
52875,Claretta,Brient,cbrient19@google.fr,03/11/2011,Urban Grind,29728
36236,Janeczka,Antonutti,,22/05/2012,Early Rise,32056
66608,Earvin,Kermott,ekermott1b@hostgator.com,02/01/2020,Common Grounds,49253
74501,Kelsy,Streak,,05/07/2020,Early Rise,41881
76862,Shell,Dumbrell,sdumbrell1d@taobao.com,11/09/2010,Urban Grind,63533
92270,Robena,Kennford,,12/12/2021,Early Rise,45188
93396,Shirlee,Guesford,,24/05/2022,Urban Grind,20283
01091,Nolana,Feavearyear,nfeavearyear1g@yellowpages.com,17/11/2013,Early Rise,66580
23960,Elinore,Phittiplace,ephittiplace1h@alexa.com,21/12/2018,Urban Grind,13560
69452,Analiese,Parker,aparker1i@auda.org.au,23/06/2022,Common Grounds,40807
27157,Idalia,Guillot,iguillot1j@skyrock.com,30/09/2022,Common Grounds,35995
41410,Baryram,Eddis,beddis1k@accuweather.com,01/11/2016,Early Rise,43402
10854,Meade,Makey,mmakey1l@europa.eu,15/02/2020,Urban Grind,65513
38742,Mychal,Idill,midill1m@plala.or.jp,23/07/2018,Early Rise,61899
14691,Ced,Marsh,cmarsh1n@google.com,28/08/2020,Early Rise,33527
11497,Hermia,Sitlington,hsitlington1o@arizona.edu,14/04/2012,Urban Grind,55136
94533,Rora,Whereat,rwhereat1p@dion.ne.jp,18/06/2018,Urban Grind,59639
76268,Bernhard,McShane,,13/08/2020,Urban Grind,57113
82297,Alanna,Rowell,arowell1r@friendfeed.com,04/09/2022,Early Rise,16377
23754,Zilvia,Gingell,zgingell1s@columbia.edu,28/05/2021,Common Grounds,47782
08413,Vikky,Kelcey,vkelcey1t@sciencedirect.com,27/07/2014,Common Grounds,65685
63323,Maria,Schleswig-Holstein,mschleswigholstein1u@eventbrite.com,17/12/2020,Urban Grind,50603
73602,Efrem,Tripcony,,15/02/2020,Urban Grind,19021
93937,Teddy,Sterling,tsterling1w@ucoz.com,19/11/2012,Urban Grind,53767
82450,Clemens,Culver,cculver1x@cbsnews.com,08/12/2021,Urban Grind,40162
93316,Lara,Lockett,,27/07/2017,Common Grounds,60465
97654,Kimmy,Arnecke,karnecke1z@cyberchimps.com,01/05/2020,Early Rise,29915
97247,Dinny,Shannahan,dshannahan20@linkedin.com,21/04/2011,Early Rise,21209
42319,Base,Amoss,bamoss21@1688.com,18/05/2019,Early Rise,14716
92447,Verine,Soppit,,19/04/2011,Urban Grind,13824
43994,Cherey,Labrenz,clabrenz23@unicef.org,04/02/2010,Urban Grind,41555
16025,Lorenza,Holleworth,lholleworth24@state.tx.us,27/05/2020,Early Rise,32202
69650,Dame,Tomalin,,15/08/2019,Urban Grind,36845
92473,Christoforo,Blais,cblais26@amazon.co.uk,16/02/2019,Early Rise,22592
69050,Alta,Iredale,airedale27@ucoz.com,14/09/2019,Common Grounds,61446
43553,Gratia,Tolussi,gtolussi28@bloglines.com,14/10/2019,Common Grounds,27925
19546,Marja,Halt,mhalt29@webs.com,06/11/2013,Common Grounds,55570
04968,Forrester,Mizzi,,14/05/2019,Urban Grind,31757
79816,Cyrillus,Hug,chug2b@jimdo.com,03/04/2015,Common Grounds,30608
94395,Hortense,Mapplebeck,hmapplebeck2c@google.com.br,27/05/2017,Common Grounds,40767
46940,Christian,Maliffe,,16/02/2022,Early Rise,53746
59956,Catina,Cowderoy,ccowderoy2e@oakley.com,29/11/2016,Early Rise,37913
47833,Andreana,Fowley,,25/11/2013,Urban Grind,37721
82461,Roland,Veeler,rveeler2g@last.fm,10/01/2020,Common Grounds,50183
94872,Danya,Halmkin,dhalmkin2h@goo.ne.jp,24/02/2022,Urban Grind,42094
84323,Silvano,Urvoy,,12/02/2012,Common Grounds,47045
08036,Fancy,Ogle,fogle2j@senate.gov,24/04/2019,Urban Grind,9848
40433,Lin,West-Frimley,lwestfrimley2k@ask.com,06/01/2022,Urban Grind,34960
88625,Marabel,Jewess,mjewess2l@wsj.com,20/08/2020,Early Rise,63532
04124,Candice,Brasse,cbrasse2m@homestead.com,10/10/2016,Early Rise,67797
29728,Pauline,Geer,pgeer2n@ca.gov,24/06/2021,Common Grounds,65636
20957,Madison,Rudram,mrudram2o@is.gd,16/06/2015,Early Rise,26738
54628,Giffy,Creeboe,gcreeboe2p@japanpost.jp,16/10/2013,Common Grounds,55532
20192,Tracee,Iorizzi,tiorizzi2q@stanford.edu,30/09/2021,Early Rise,10051
69997,Drew,Gokes,,23/05/2022,Common Grounds,49343
